{"IcoMoonType":"selection","icons":[{"icon":{"paths":["M658.286 475.429c0-141.143-114.857-256-256-256s-256 114.857-256 256 114.857 256 256 256 256-114.857 256-256zM950.857 950.857c0 40-33.143 73.143-73.143 73.143-19.429 0-38.286-8-51.429-21.714l-196-195.429c-66.857 46.286-146.857 70.857-228 70.857-222.286 0-402.286-180-402.286-402.286s180-402.286 402.286-402.286 402.286 180 402.286 402.286c0 81.143-24.571 161.143-70.857 228l196 196c13.143 13.143 21.143 32 21.143 51.429z"],"width":950.8571428571428,"attrs":[],"isMulticolor":false,"isMulticolor2":false,"tags":["search"],"defaultCode":61442,"grid":14},"attrs":[],"properties":{"name":"search","id":6,"order":2,"prevSize":28,"code":61442},"setIdx":0,"setId":2,"iconIdx":6},{"icon":{"paths":["M292.571 420.571v329.143c0 10.286-8 18.286-18.286 18.286h-36.571c-10.286 0-18.286-8-18.286-18.286v-329.143c0-10.286 8-18.286 18.286-18.286h36.571c10.286 0 18.286 8 18.286 18.286zM438.857 420.571v329.143c0 10.286-8 18.286-18.286 18.286h-36.571c-10.286 0-18.286-8-18.286-18.286v-329.143c0-10.286 8-18.286 18.286-18.286h36.571c10.286 0 18.286 8 18.286 18.286zM585.143 420.571v329.143c0 10.286-8 18.286-18.286 18.286h-36.571c-10.286 0-18.286-8-18.286-18.286v-329.143c0-10.286 8-18.286 18.286-18.286h36.571c10.286 0 18.286 8 18.286 18.286zM658.286 834.286v-541.714h-512v541.714c0 27.429 15.429 43.429 18.286 43.429h475.429c2.857 0 18.286-16 18.286-43.429zM274.286 219.429h256l-27.429-66.857c-1.714-2.286-6.857-5.714-9.714-6.286h-181.143c-3.429 0.571-8 4-9.714 6.286zM804.571 237.714v36.571c0 10.286-8 18.286-18.286 18.286h-54.857v541.714c0 62.857-41.143 116.571-91.429 116.571h-475.429c-50.286 0-91.429-51.429-91.429-114.286v-544h-54.857c-10.286 0-18.286-8-18.286-18.286v-36.571c0-10.286 8-18.286 18.286-18.286h176.571l40-95.429c11.429-28 45.714-50.857 76-50.857h182.857c30.286 0 64.571 22.857 76 50.857l40 95.429h176.571c10.286 0 18.286 8 18.286 18.286z"],"width":804.5714285714286,"attrs":[],"isMulticolor":false,"isMulticolor2":false,"tags":["trash-o"],"defaultCode":61460,"grid":14},"attrs":[],"properties":{"name":"trash-o","id":23,"order":3,"prevSize":28,"code":61460},"setIdx":0,"setId":2,"iconIdx":23},{"icon":{"paths":["M507.429 676.571l66.286-66.286-86.857-86.857-66.286 66.286v32h54.857v54.857h32zM758.857 265.143c-5.143-5.143-13.714-4.571-18.857 0.571l-200 200c-5.143 5.143-5.714 13.714-0.571 18.857s13.714 4.571 18.857-0.571l200-200c5.143-5.143 5.714-13.714 0.571-18.857zM804.571 604.571v108.571c0 90.857-73.714 164.571-164.571 164.571h-475.429c-90.857 0-164.571-73.714-164.571-164.571v-475.429c0-90.857 73.714-164.571 164.571-164.571h475.429c22.857 0 45.714 4.571 66.857 14.286 5.143 2.286 9.143 7.429 10.286 13.143 1.143 6.286-0.571 12-5.143 16.571l-28 28c-5.143 5.143-12 6.857-18.286 4.571-8.571-2.286-17.143-3.429-25.714-3.429h-475.429c-50.286 0-91.429 41.143-91.429 91.429v475.429c0 50.286 41.143 91.429 91.429 91.429h475.429c50.286 0 91.429-41.143 91.429-91.429v-72c0-4.571 1.714-9.143 5.143-12.571l36.571-36.571c5.714-5.714 13.143-6.857 20-4s11.429 9.143 11.429 16.571zM749.714 182.857l164.571 164.571-384 384h-164.571v-164.571zM1003.429 258.286l-52.571 52.571-164.571-164.571 52.571-52.571c21.143-21.143 56.571-21.143 77.714 0l86.857 86.857c21.143 21.143 21.143 56.571 0 77.714z"],"width":1024.5851428571427,"attrs":[],"isMulticolor":false,"isMulticolor2":false,"tags":["edit","pencil-square-o"],"defaultCode":61508,"grid":14},"attrs":[],"properties":{"name":"edit, pencil-square-o","id":68,"order":7,"prevSize":28,"code":61508},"setIdx":0,"setId":2,"iconIdx":68},{"icon":{"paths":["M877.714 512c0 241.714-197.143 438.857-438.857 438.857-130.857 0-254.286-57.714-337.714-158.286-5.714-7.429-5.143-18.286 1.143-24.571l78.286-78.857c4-3.429 9.143-5.143 14.286-5.143 5.143 0.571 10.286 2.857 13.143 6.857 56 72.571 140 113.714 230.857 113.714 161.143 0 292.571-131.429 292.571-292.571s-131.429-292.571-292.571-292.571c-74.857 0-145.714 28.571-198.857 78.286l78.286 78.857c10.857 10.286 13.714 26.286 8 39.429-5.714 13.714-18.857 22.857-33.714 22.857h-256c-20 0-36.571-16.571-36.571-36.571v-256c0-14.857 9.143-28 22.857-33.714 13.143-5.714 29.143-2.857 39.429 8l74.286 73.714c80.571-76 189.714-121.143 302.286-121.143 241.714 0 438.857 197.143 438.857 438.857z"],"width":877.7142857142857,"attrs":[],"isMulticolor":false,"isMulticolor2":false,"tags":["rotate-left","undo"],"defaultCode":61666,"grid":14},"attrs":[],"properties":{"name":"rotate-left, undo","id":201,"order":4,"prevSize":28,"code":61666},"setIdx":0,"setId":2,"iconIdx":201},{"icon":{"paths":["M658.286 457.143v36.571c0 10.286-8 18.286-18.286 18.286h-201.143v201.143c0 10.286-8 18.286-18.286 18.286h-36.571c-10.286 0-18.286-8-18.286-18.286v-201.143h-201.143c-10.286 0-18.286-8-18.286-18.286v-36.571c0-10.286 8-18.286 18.286-18.286h201.143v-201.143c0-10.286 8-18.286 18.286-18.286h36.571c10.286 0 18.286 8 18.286 18.286v201.143h201.143c10.286 0 18.286 8 18.286 18.286zM731.429 713.143v-475.429c0-50.286-41.143-91.429-91.429-91.429h-475.429c-50.286 0-91.429 41.143-91.429 91.429v475.429c0 50.286 41.143 91.429 91.429 91.429h475.429c50.286 0 91.429-41.143 91.429-91.429zM804.571 237.714v475.429c0 90.857-73.714 164.571-164.571 164.571h-475.429c-90.857 0-164.571-73.714-164.571-164.571v-475.429c0-90.857 73.714-164.571 164.571-164.571h475.429c90.857 0 164.571 73.714 164.571 164.571z"],"width":804.5714285714286,"attrs":[],"isMulticolor":false,"isMulticolor2":false,"tags":["plus-square-o"],"defaultCode":61846,"grid":14},"attrs":[],"properties":{"name":"plus-square-o","id":367,"order":5,"prevSize":28,"code":61846},"setIdx":0,"setId":2,"iconIdx":367},{"icon":{"paths":["M838.857 217.143c21.143 21.143 38.857 63.429 38.857 93.714v658.286c0 30.286-24.571 54.857-54.857 54.857h-768c-30.286 0-54.857-24.571-54.857-54.857v-914.286c0-30.286 24.571-54.857 54.857-54.857h512c30.286 0 72.571 17.714 93.714 38.857zM585.143 77.714v214.857h214.857c-3.429-9.714-8.571-19.429-12.571-23.429l-178.857-178.857c-4-4-13.714-9.143-23.429-12.571zM804.571 950.857v-585.143h-237.714c-30.286 0-54.857-24.571-54.857-54.857v-237.714h-438.857v877.714h731.429zM245.143 817.143v60.571h160.571v-60.571h-42.857l58.857-92c6.857-10.857 10.286-19.429 12-19.429h1.143c0.571 2.286 1.714 4 2.857 5.714 2.286 4.571 5.714 8 9.714 13.714l61.143 92h-43.429v60.571h166.286v-60.571h-38.857l-109.714-156 111.429-161.143h38.286v-61.143h-159.429v61.143h42.286l-58.857 90.857c-6.857 10.857-12 19.429-12 18.857h-1.143c-0.571-2.286-1.714-4-2.857-5.714-2.286-4-5.143-8-9.714-13.143l-60.571-90.857h43.429v-61.143h-165.714v61.143h38.857l108 155.429-110.857 161.714h-38.857z"],"width":877.7142857142857,"attrs":[],"isMulticolor":false,"isMulticolor2":false,"tags":["file-excel-o"],"defaultCode":61891,"grid":14},"attrs":[],"properties":{"name":"file-excel-o","id":409,"order":6,"prevSize":28,"code":61891},"setIdx":0,"setId":2,"iconIdx":409}],"height":1024,"metadata":{"name":"icomoon"},"preferences":{"showGlyphs":true,"showQuickUse":true,"showQuickUse2":true,"showSVGs":true,"fontPref":{"prefix":"icon-","metadata":{"fontFamily":"icomoon"},"metrics":{"emSize":1024,"baseline":6.25,"whitespace":50},"embed":false},"imagePref":{"prefix":"icon-","png":true,"useClassSelector":true,"color":0,"bgColor":16777215,"classSelector":".icon"},"historySize":50,"showCodes":true,"gridSize":16}}